{"train_acc": [0.5023333333333333, 0.5304444444444445, 0.545, 0.573, 0.662, 0.6244444444444445, 0.6083333333333333, 0.7182222222222222, 0.5692222222222222, 0.7284444444444444, 0.7607777777777778, 0.7855555555555556, 0.7686666666666667, 0.7953333333333333, 0.8346666666666667, 0.8088888888888889, 0.8265555555555556, 0.8394444444444444, 0.8614444444444445, 0.7967777777777778, 0.8381111111111111, 0.862, 0.86, 0.8982222222222223, 0.878, 0.8752222222222222, 0.9072222222222223, 0.8603333333333333, 0.9007777777777778, 0.8971111111111111, 0.9114444444444444, 0.8907777777777778, 0.9074444444444445, 0.9084444444444445, 0.8948888888888888, 0.8741111111111111, 0.8701111111111111, 0.9282222222222222, 0.891, 0.9207777777777778, 0.932, 0.9013333333333333, 0.9011111111111111, 0.9132222222222223, 0.9084444444444445, 0.9397777777777778, 0.9152222222222223, 0.9025555555555556, 0.9347777777777778, 0.916], "val_acc": [0.508, 0.5, 0.52, 0.486, 0.536, 0.524, 0.524, 0.538, 0.53, 0.546, 0.598, 0.568, 0.572, 0.56, 0.62, 0.608, 0.582, 0.588, 0.594, 0.61, 0.618, 0.626, 0.632, 0.58, 0.622, 0.606, 0.598, 0.65, 0.64, 0.624, 0.6, 0.632, 0.62, 0.618, 0.608, 0.63, 0.634, 0.596, 0.63, 0.616, 0.628, 0.614, 0.612, 0.632, 0.602, 0.628, 0.648, 0.652, 0.614, 0.622], "val_same_acc": [0.498, 0.494, 0.52, 0.546, 0.508, 0.556, 0.52, 0.532, 0.532, 0.57, 0.582, 0.582, 0.594, 0.582, 0.602, 0.614, 0.596, 0.566, 0.594, 0.636, 0.644, 0.612, 0.63, 0.654, 0.6, 0.632, 0.616, 0.69, 0.648, 0.66, 0.662, 0.648, 0.638, 0.674, 0.646, 0.69, 0.676, 0.614, 0.664, 0.67, 0.626, 0.674, 0.67, 0.668, 0.66, 0.64, 0.692, 0.694, 0.61, 0.642], "val_tre": [0.25633602127432825, 0.29470103612542153, 0.3173871642053127, 0.32591839861869815, 0.33455874407291414, 0.3444766681492329, 0.3517530900835991, 0.3546512795686722, 0.3629691895842552, 0.37140207839012146, 0.3772867166697979, 0.38848341038823125, 0.39334050261974335, 0.41172417044639587, 0.41499094939231873, 0.42147668239474295, 0.4337600200772285, 0.44199954602122304, 0.45299749591946603, 0.4578404571712017, 0.4647700753211975, 0.471630163282156, 0.4751690610051155, 0.4885770261287689, 0.493298515021801, 0.4948560266792774, 0.4987256095409393, 0.5102960558831692, 0.5090047884583473, 0.510729871481657, 0.5190574961602687, 0.5180712405443192, 0.5254904857873917, 0.5273345997929573, 0.5298865022361279, 0.5335929306447506, 0.5398195767402649, 0.5402879483401776, 0.5459680155813694, 0.5467929720878602, 0.5468201187252998, 0.5507783033549786, 0.5473250425457954, 0.5527532941997051, 0.5607433926463127, 0.5589669682085514, 0.5609841901659965, 0.5578600949645043, 0.5605509672164917, 0.563900175690651], "val_tre_std": [0.0008983922636733366, 0.0012393818670073098, 0.002705310356240471, 0.004119969486292012, 0.004415815432919283, 0.004880650390603528, 0.008861252828759958, 0.009476131311003444, 0.009022034651017733, 0.01143623739051007, 0.017494352103482703, 0.017762730295086442, 0.021317160074330523, 0.023186749583176555, 0.022208067779347494, 0.02261467769505962, 0.021649295420653976, 0.02183235733200545, 0.02308747601341338, 0.024546957098724283, 0.027185148108284336, 0.02425879832978174, 0.025027398060597974, 0.024505227514392356, 0.025782036503912583, 0.02413022162730152, 0.02493159414026219, 0.02113466113404446, 0.02219720340775683, 0.023728708218024107, 0.023085432824290267, 0.022559277009476516, 0.021082738316435375, 0.024827830885288418, 0.022480336133616313, 0.022559989002424452, 0.02072817771662128, 0.01973465625196693, 0.018798697877029417, 0.019722927256330926, 0.023218060008900417, 0.020582324265838555, 0.02138545180626131, 0.020373384768127337, 0.01968535742858713, 0.021034499364920817, 0.019202968664080812, 0.020055075653409696, 0.019806053228292417, 0.021419522391281927], "test_acc": [0.49675, 0.5085, 0.515, 0.53325, 0.539, 0.52825, 0.541, 0.5665, 0.5155, 0.57875, 0.58325, 0.579, 0.5835, 0.58175, 0.60325, 0.61875, 0.60825, 0.6055, 0.60975, 0.632, 0.638, 0.6335, 0.64175, 0.62575, 0.63975, 0.644, 0.632, 0.65275, 0.6365, 0.6455, 0.63525, 0.64425, 0.63775, 0.646, 0.64475, 0.682, 0.66075, 0.62875, 0.6405, 0.6415, 0.6535, 0.65975, 0.6585, 0.6655, 0.654, 0.62825, 0.64875, 0.67, 0.6345, 0.648], "test_same_acc": [0.4985, 0.51025, 0.51725, 0.5185, 0.5445, 0.54175, 0.53425, 0.5655, 0.522, 0.57925, 0.5795, 0.57975, 0.59125, 0.59425, 0.6055, 0.62575, 0.613, 0.59075, 0.6055, 0.636, 0.63925, 0.63925, 0.64675, 0.618, 0.63275, 0.64875, 0.6225, 0.63025, 0.64375, 0.64175, 0.642, 0.6535, 0.6365, 0.64925, 0.6525, 0.66225, 0.66975, 0.6335, 0.65175, 0.63025, 0.63575, 0.65775, 0.665, 0.66, 0.657, 0.61475, 0.64725, 0.662, 0.6175, 0.63975], "test_acc_ci": [0.010955877061536423, 0.010956264336984343, 0.010956360212081153, 0.010956483478830012, 0.010955374028159649, 0.010956264336984343, 0.010955877061536423, 0.010956675224349538, 0.010955697287113908, 0.0109567245297979, 0.010956683784339127, 0.010955659277286785, 0.010955659277286785, 0.010953376733769135, 0.010954702824443708, 0.010951121805550332, 0.010950020034228245, 0.010948714963267377, 0.01094729390705758, 0.010922705819616081, 0.010919382294228, 0.01092869042417709, 0.010911272425798927, 0.010930996998787437, 0.010903721834624864, 0.010910012236330214, 0.01091202021840479, 0.010886866255809107, 0.010906127598740076, 0.010874212600804713, 0.010906391433323625, 0.010866250967876408, 0.0108775585496011, 0.010902360982259758, 0.010861949694777408, 0.010840536777386764, 0.010819544733808119, 0.010893535577207014, 0.0108775585496011, 0.010881481312303026, 0.010882125315741406, 0.010857547206753235, 0.010835660275076688, 0.010835249299739252, 0.010826880986115069, 0.01087854868407891, 0.010847660668175189, 0.010826880986115069, 0.010896743733221406, 0.010856057197338035], "best_epoch": 48, "best_val_acc": 0.652, "best_val_same_acc": 0.694, "best_val_tre": 0.5578600949645043, "best_val_tre_std": 0.020055075653409696, "best_test_acc": 0.67, "best_test_same_acc": 0.662, "best_test_acc_ci": 0.010826880986115069, "lowest_val_tre": 0.25633602127432825, "lowest_val_tre_std": 0.0008983922636733366, "has_same": true}