{"train_acc": [0.587, 0.7234444444444444, 0.7327777777777778, 0.7338888888888889, 0.7413333333333333, 0.7468888888888889, 0.7552222222222222, 0.7471111111111111, 0.7431111111111111, 0.7497777777777778, 0.7494444444444445, 0.7463333333333333, 0.7562222222222222, 0.7497777777777778, 0.7491111111111111, 0.7525555555555555, 0.751, 0.7422222222222222, 0.7553333333333333, 0.7503333333333333, 0.7524444444444445, 0.7457777777777778, 0.7596666666666667, 0.7496666666666667, 0.7512222222222222, 0.7546666666666667, 0.7551111111111111, 0.7454444444444445, 0.7604444444444445, 0.7524444444444445, 0.7546666666666667, 0.7572222222222222, 0.7493333333333333, 0.7554444444444445, 0.7573333333333333, 0.7665555555555555, 0.7581111111111111, 0.7556666666666667, 0.7588888888888888, 0.7476666666666667, 0.7614444444444445, 0.7563333333333333, 0.762, 0.764, 0.7618888888888888, 0.7621111111111111, 0.7532222222222222, 0.7506666666666667, 0.7588888888888888, 0.7618888888888888], "val_acc": [0.534, 0.568, 0.54, 0.558, 0.56, 0.592, 0.598, 0.606, 0.59, 0.608, 0.606, 0.614, 0.62, 0.596, 0.6, 0.6, 0.596, 0.618, 0.6, 0.57, 0.568, 0.572, 0.582, 0.586, 0.568, 0.594, 0.592, 0.59, 0.576, 0.584, 0.6, 0.586, 0.582, 0.594, 0.602, 0.606, 0.594, 0.568, 0.596, 0.594, 0.602, 0.612, 0.618, 0.604, 0.602, 0.58, 0.61, 0.594, 0.614, 0.614], "val_same_acc": [0.526, 0.524, 0.564, 0.586, 0.59, 0.596, 0.596, 0.588, 0.598, 0.604, 0.584, 0.606, 0.596, 0.598, 0.596, 0.608, 0.606, 0.602, 0.602, 0.602, 0.612, 0.606, 0.608, 0.6, 0.596, 0.604, 0.6, 0.584, 0.576, 0.58, 0.592, 0.58, 0.612, 0.614, 0.606, 0.604, 0.608, 0.604, 0.62, 0.594, 0.606, 0.628, 0.61, 0.59, 0.614, 0.62, 0.614, 0.602, 0.61, 0.606], "val_tre": [0.5916588901281357, 0.8042377699017524, 0.8100116618275642, 0.8228306672573089, 0.8091322653889657, 0.8141303354799747, 0.8227340990900993, 0.8060084843039512, 0.7999683973491192, 0.8017535305321216, 0.8079626688361168, 0.8147974437475205, 0.8114711083471775, 0.8146977169215679, 0.801983368396759, 0.8079127200245857, 0.7854678380787372, 0.8079566982984543, 0.8099119906425476, 0.7922585190832615, 0.8039774939119816, 0.7961225943863391, 0.807337353438139, 0.8064042346477509, 0.8044357794523239, 0.8018924917876721, 0.8004497699439526, 0.8031283156871796, 0.8019032092988491, 0.8100885750055313, 0.8107224105894566, 0.8069514398574829, 0.8026845241487026, 0.8086875425577164, 0.8073043225705624, 0.8142727278470993, 0.8092543596625328, 0.8049768908321857, 0.8047672483623027, 0.8046509600281715, 0.8093694306910038, 0.81609526014328, 0.8113720493614673, 0.8151067448556423, 0.8141982303857803, 0.8105539740622043, 0.8153765279650688, 0.8105866264998913, 0.812785368680954, 0.8175703119635582], "val_tre_std": [0.20776802624853982, 0.22506850861303512, 0.3550965570239999, 0.25240233315544186, 0.30489556283502167, 0.25192126585263014, 0.22163285096208185, 0.22398180211467097, 0.22136366888011189, 0.21504156556522225, 0.21378987075781997, 0.1961432996474801, 0.18039981992759827, 0.20156448897379214, 0.19800972594737676, 0.186366711354458, 0.2288897358079121, 0.19004879167233124, 0.17280907742916762, 0.22070847274461852, 0.17811587832274378, 0.18698121777982987, 0.17709791856239163, 0.18664346244800895, 0.16421413078859573, 0.163887529613401, 0.18290036932823, 0.18182176754039484, 0.18873458891343609, 0.18661134863337522, 0.17477719968532573, 0.17169934653941996, 0.16874678702261794, 0.16338142096155675, 0.15784144370700903, 0.1539296292378941, 0.15841589817970592, 0.16560336048870408, 0.15963311797982846, 0.1611074459988127, 0.15862874099906135, 0.14242522707771324, 0.1613770586649978, 0.15857943745800235, 0.14755391734663065, 0.1512508923237696, 0.15404908131241488, 0.15800266933740134, 0.15596154811266771, 0.14921550713938078], "test_acc": [0.5335, 0.55, 0.556, 0.56, 0.563, 0.5795, 0.58525, 0.583, 0.594, 0.59175, 0.58925, 0.59925, 0.5935, 0.5975, 0.601, 0.5965, 0.6025, 0.59175, 0.59625, 0.603, 0.605, 0.60125, 0.5995, 0.60775, 0.5975, 0.6005, 0.6085, 0.5945, 0.604, 0.59925, 0.60025, 0.6045, 0.60925, 0.61075, 0.60525, 0.59725, 0.601, 0.60675, 0.597, 0.59525, 0.60625, 0.60125, 0.59825, 0.6015, 0.597, 0.60075, 0.6015, 0.593, 0.60825, 0.59775], "test_same_acc": [0.53775, 0.55625, 0.56175, 0.56925, 0.57175, 0.579, 0.58425, 0.5825, 0.5915, 0.59425, 0.5975, 0.603, 0.59875, 0.60125, 0.59475, 0.60825, 0.6025, 0.60275, 0.607, 0.60675, 0.61175, 0.60225, 0.6155, 0.613, 0.60425, 0.617, 0.6065, 0.60775, 0.61275, 0.61275, 0.61275, 0.6105, 0.603, 0.6125, 0.61125, 0.61125, 0.60775, 0.61625, 0.6075, 0.60625, 0.6035, 0.61425, 0.6135, 0.61475, 0.61175, 0.608, 0.614, 0.60625, 0.616, 0.6175], "test_acc_ci": [0.010928886433295707, 0.010894711930421795, 0.010880510063727481, 0.010864828448800976, 0.010856803609805003, 0.010818228777738989, 0.010798191213694077, 0.010805637440128184, 0.01076657092520641, 0.01076553529556241, 0.010763976436330348, 0.010730300426683076, 0.010752345999681882, 0.010738148696208066, 0.010744762286662045, 0.010724607049765274, 0.010724033697727736, 0.010747487077801024, 0.010728031831229574, 0.01071300110832044, 0.010696260256364136, 0.010727462858826408, 0.010700499462641917, 0.010686435138617322, 0.01073143034953286, 0.010694432415397274, 0.010700499462641917, 0.010730300426683076, 0.010696260256364137, 0.01070768288660063, 0.010705300161602193, 0.010700499462641917, 0.010707088306205145, 0.010680198522119098, 0.010696868064414928, 0.010715930029050209, 0.010715345709396173, 0.010680825508826552, 0.01072517967157194, 0.010731994217641937, 0.010713001108320441, 0.010699291938605098, 0.01070827673329724, 0.010697475136539231, 0.010715345709396173, 0.010715345709396173, 0.010699291938605098, 0.010737036251772414, 0.010677683180206978, 0.010699896068274446], "best_epoch": 43, "best_val_acc": 0.618, "best_val_same_acc": 0.61, "best_val_tre": 0.8113720493614673, "best_val_tre_std": 0.1613770586649978, "best_test_acc": 0.59825, "best_test_same_acc": 0.6135, "best_test_acc_ci": 0.01070827673329724, "lowest_val_tre": 0.5916588901281357, "lowest_val_tre_std": 0.20776802624853982, "has_same": true}