{"train_acc": [0.5018888888888889, 0.5067777777777778, 0.6631111111111111, 0.7022222222222222, 0.7382222222222222, 0.7432222222222222, 0.7513333333333333, 0.7447777777777778, 0.7344444444444445, 0.7235555555555555, 0.7504444444444445, 0.7398888888888889, 0.7394444444444445, 0.7472222222222222, 0.7412222222222222, 0.7385555555555555, 0.7404444444444445, 0.7384444444444445, 0.7408888888888889, 0.7381111111111112, 0.7401111111111112, 0.7348888888888889, 0.7365555555555555, 0.7384444444444445, 0.7391111111111112, 0.7394444444444445, 0.7406666666666667, 0.6986666666666667, 0.7175555555555555, 0.7244444444444444, 0.7346666666666667, 0.7128888888888889, 0.7334444444444445, 0.7233333333333334, 0.7347777777777778, 0.755, 0.7448888888888889, 0.7327777777777778, 0.735, 0.7406666666666667, 0.7381111111111112, 0.73, 0.723, 0.7344444444444445, 0.7138888888888889, 0.7175555555555555, 0.7363333333333333, 0.7253333333333334, 0.732, 0.7188888888888889], "val_acc": [0.508, 0.514, 0.574, 0.592, 0.616, 0.622, 0.646, 0.632, 0.632, 0.626, 0.656, 0.644, 0.646, 0.636, 0.634, 0.65, 0.666, 0.63, 0.642, 0.654, 0.638, 0.638, 0.63, 0.656, 0.624, 0.646, 0.664, 0.628, 0.634, 0.666, 0.652, 0.652, 0.664, 0.658, 0.656, 0.658, 0.668, 0.664, 0.662, 0.658, 0.654, 0.654, 0.676, 0.668, 0.66, 0.664, 0.676, 0.67, 0.676, 0.662], "val_same_acc": [0.496, 0.496, 0.54, 0.568, 0.602, 0.602, 0.628, 0.63, 0.61, 0.616, 0.614, 0.642, 0.648, 0.632, 0.648, 0.638, 0.654, 0.65, 0.64, 0.652, 0.648, 0.658, 0.646, 0.654, 0.66, 0.65, 0.658, 0.62, 0.614, 0.642, 0.648, 0.634, 0.676, 0.648, 0.65, 0.67, 0.636, 0.652, 0.668, 0.666, 0.648, 0.65, 0.646, 0.632, 0.642, 0.656, 0.662, 0.644, 0.66, 0.65], "val_tre": [0.22808635076880454, 0.3463576367199421, 0.5833195138275623, 0.6936306474804879, 0.7367003444433212, 0.7617647814750671, 0.7925184162259102, 0.7806620350778103, 0.7809249736964703, 0.7618764308989048, 0.818745451271534, 0.7906182879209518, 0.8013895196616649, 0.8116443670988083, 0.7867026439905167, 0.7947599971592426, 0.8079485739171505, 0.8126739595234395, 0.8161718902587891, 0.795997316300869, 0.7976047129631042, 0.7890185303986073, 0.7939921219050884, 0.7666756071150302, 0.7984343985021114, 0.7855962689816952, 0.801971653997898, 0.7558098890483379, 0.7291252992153168, 0.7725845266282558, 0.7714625637233258, 0.726695333570242, 0.7933139767348766, 0.778794666916132, 0.8004181494414806, 0.7938655286729336, 0.7891755924224854, 0.7856353769600392, 0.7903081247210503, 0.7963232119977475, 0.7696316801607609, 0.7731537413299083, 0.7955225827097893, 0.7584440202414989, 0.7596146790981293, 0.7835552912950515, 0.8013896183669567, 0.7690100253224373, 0.7866484541594982, 0.7879996562898159], "val_tre_std": [0.01763054536880929, 0.07339547584061559, 0.14941119368980174, 0.17516040573277214, 0.2652266204437812, 0.2193908594978303, 0.16969182617088535, 0.19375694303927413, 0.17319022049681249, 0.20916169809256696, 0.14892911600273737, 0.1340359423374055, 0.16795556135270545, 0.14105599331769797, 0.16546023395342999, 0.1476439768847445, 0.16017509978664035, 0.18668384015479503, 0.1601517815583093, 0.13709783292609365, 0.15121442764377227, 0.15114236661248562, 0.17220838823519422, 0.15274215369714983, 0.11693935023993977, 0.14640735146688152, 0.12193917723328035, 0.1359785426625704, 0.16940021888863163, 0.15788490043491232, 0.15381887433112926, 0.16534711985816136, 0.11927814837344929, 0.13760702346949716, 0.13427542712608062, 0.1268173391039503, 0.1446572349584176, 0.13625064891802438, 0.14825136077253176, 0.11018452950263992, 0.1267134292548735, 0.14440096747254103, 0.13868456348510233, 0.14252962444754882, 0.15683233923197384, 0.14174051286031775, 0.12008535457174874, 0.1366931669427143, 0.11642106634144173, 0.14012168432103977], "test_acc": [0.496, 0.5, 0.55975, 0.582, 0.59375, 0.603, 0.61475, 0.6135, 0.61525, 0.623, 0.63175, 0.63575, 0.63725, 0.642, 0.6355, 0.64925, 0.64175, 0.64325, 0.64125, 0.6435, 0.64475, 0.645, 0.64175, 0.641, 0.6405, 0.6515, 0.65, 0.63525, 0.6285, 0.64125, 0.64475, 0.62175, 0.64925, 0.6335, 0.642, 0.6515, 0.641, 0.648, 0.64825, 0.64875, 0.63925, 0.63875, 0.64875, 0.64, 0.63025, 0.641, 0.6475, 0.6325, 0.64525, 0.64975], "test_same_acc": [0.49675, 0.50075, 0.574, 0.59875, 0.60675, 0.61575, 0.62725, 0.62475, 0.62325, 0.63475, 0.62975, 0.629, 0.63525, 0.63325, 0.63475, 0.6385, 0.64025, 0.635, 0.644, 0.642, 0.639, 0.636, 0.636, 0.636, 0.62875, 0.63775, 0.639, 0.6275, 0.61925, 0.63, 0.637, 0.61675, 0.64225, 0.6265, 0.63475, 0.645, 0.641, 0.63475, 0.64175, 0.64525, 0.6385, 0.64475, 0.64475, 0.63, 0.62125, 0.63925, 0.64475, 0.63075, 0.64125, 0.6455], "test_acc_ci": [0.010956445129323426, 0.010956730008167355, 0.010858287988761166, 0.010776265539224384, 0.01073424240398455, 0.010691371283510595, 0.010631057887153093, 0.010641221468744789, 0.010640549134678153, 0.010586523071664038, 0.010575476863361764, 0.010565764897624544, 0.01054208410076015, 0.010533503898127867, 0.010549035062358783, 0.010493324187161809, 0.010512047555067468, 0.0105240373121191, 0.010501515325031666, 0.010500699714185716, 0.010506392663368098, 0.010515261858365677, 0.010525622796152014, 0.010527995229387216, 0.01055210442148271, 0.010488372095891478, 0.010489199395092077, 0.010571756742465981, 0.010615145947978057, 0.010545953426403656, 0.01051285229359164, 0.010640549134678153, 0.010480891249674332, 0.010579915878682589, 0.010528784496411491, 0.01046404006048811, 0.010512047555067468, 0.010509628686203663, 0.010485885513393706, 0.010472504867509013, 0.010525622796152014, 0.01050720283365178, 0.010474188411877075, 0.010549803552673384, 0.01060455408715991, 0.010517664450669406, 0.010478383558396543, 0.01057026335868104, 0.010497429489522661, 0.010468282278954603], "best_epoch": 47, "best_val_acc": 0.676, "best_val_same_acc": 0.662, "best_val_tre": 0.8013896183669567, "best_val_tre_std": 0.12008535457174874, "best_test_acc": 0.6475, "best_test_same_acc": 0.64475, "best_test_acc_ci": 0.010478383558396543, "lowest_val_tre": 0.22808635076880454, "lowest_val_tre_std": 0.01763054536880929, "has_same": true}