{"train_acc": [0.5071111111111111, 0.501, 0.5021111111111111, 0.5645555555555556, 0.6984444444444444, 0.736, 0.7335555555555555, 0.7392222222222222, 0.7366666666666667, 0.7367777777777778, 0.7414444444444445, 0.7402222222222222, 0.7327777777777778, 0.7438888888888889, 0.7367777777777778, 0.7236666666666667, 0.7268888888888889, 0.7038888888888889, 0.7293333333333333, 0.7333333333333333, 0.7113333333333334, 0.6705555555555556, 0.7296666666666667, 0.7068888888888889, 0.7284444444444444, 0.6974444444444444, 0.7138888888888889, 0.7088888888888889, 0.7338888888888889, 0.696, 0.7006666666666667, 0.7127777777777777, 0.665, 0.6768888888888889, 0.726, 0.729, 0.7235555555555555, 0.6732222222222223, 0.7087777777777777, 0.6856666666666666, 0.7183333333333334, 0.6925555555555556, 0.7375555555555555, 0.7103333333333334, 0.7212222222222222, 0.7194444444444444, 0.7066666666666667, 0.7207777777777777, 0.6978888888888889, 0.697], "val_acc": [0.508, 0.508, 0.508, 0.54, 0.566, 0.554, 0.542, 0.556, 0.56, 0.578, 0.56, 0.546, 0.588, 0.564, 0.572, 0.58, 0.56, 0.572, 0.582, 0.592, 0.564, 0.55, 0.566, 0.562, 0.566, 0.568, 0.556, 0.566, 0.564, 0.54, 0.526, 0.562, 0.538, 0.566, 0.536, 0.55, 0.544, 0.522, 0.562, 0.538, 0.564, 0.542, 0.552, 0.55, 0.548, 0.55, 0.544, 0.546, 0.532, 0.55], "val_same_acc": [0.496, 0.496, 0.496, 0.526, 0.532, 0.544, 0.546, 0.534, 0.544, 0.552, 0.554, 0.552, 0.56, 0.566, 0.562, 0.568, 0.572, 0.58, 0.58, 0.55, 0.57, 0.554, 0.56, 0.566, 0.554, 0.566, 0.542, 0.522, 0.552, 0.514, 0.544, 0.552, 0.512, 0.54, 0.584, 0.582, 0.562, 0.534, 0.554, 0.554, 0.546, 0.538, 0.57, 0.55, 0.576, 0.564, 0.554, 0.574, 0.546, 0.564], "val_tre": [0.22047525447607041, 0.2645132866203785, 0.36374358320236205, 0.5220565661787987, 0.7167646891772746, 0.8003292497396469, 0.7903731316030026, 0.8116375431418419, 0.7994353666901588, 0.7786327120959758, 0.8107034644186497, 0.813195310741663, 0.7700015254616738, 0.8113658610582352, 0.7617959608137608, 0.7662459227144718, 0.7579508483409881, 0.75589797565341, 0.7805133513510227, 0.7729206332266331, 0.7705274262428283, 0.707739619165659, 0.7790121876001358, 0.7549196770191192, 0.7852870355248451, 0.7266519095599652, 0.7746121415793896, 0.7715683530569076, 0.7978267765641213, 0.7414474821686745, 0.7512542349100113, 0.7495681802928448, 0.6815140551030636, 0.7298193091452122, 0.793954403668642, 0.8172262015938759, 0.7798480809032917, 0.7092128167152405, 0.7335295847356319, 0.7364193704426288, 0.786985212892294, 0.7563742088973522, 0.8047082170248031, 0.7670680065453053, 0.7921611217856407, 0.8007868621647358, 0.768711370229721, 0.7819871633350849, 0.7565498836040497, 0.7600137263834477], "val_tre_std": [0.014784197950176159, 0.02652211147234335, 0.04997577132833228, 0.09928714512269435, 0.14315726153916938, 0.17905031274741376, 0.3028480897883202, 0.24420796565707084, 0.2854344250567698, 0.20748745243769307, 0.16452433254581292, 0.19958105132499038, 0.19181740719145532, 0.18428430107650812, 0.2091974202371749, 0.2142233483216199, 0.16718732490884747, 0.17163516532810213, 0.1424397817852027, 0.13710612071647124, 0.19242126031642523, 0.16510685661208033, 0.16180709629451084, 0.14522477034842432, 0.13575573003599034, 0.20591636374702857, 0.17189024005737322, 0.2046076913501664, 0.11446174753005237, 0.19160172738826214, 0.1564791769508523, 0.22557180313439085, 0.18962065680253348, 0.2226163961731732, 0.14819683260006034, 0.12277138594077944, 0.18841027141919195, 0.21871579157749851, 0.21611514095686526, 0.2226257086464708, 0.154523188492496, 0.18645111716967322, 0.12550173796621417, 0.17387476825860076, 0.12255660439773507, 0.18413762094468844, 0.14161339259122727, 0.1449093187359931, 0.16743659468361968, 0.16200972926336132], "test_acc": [0.496, 0.496, 0.496, 0.5205, 0.54575, 0.55475, 0.5495, 0.5565, 0.55175, 0.55725, 0.55975, 0.56525, 0.5665, 0.57075, 0.56825, 0.571, 0.5675, 0.57, 0.5795, 0.5745, 0.56625, 0.536, 0.5745, 0.5555, 0.5655, 0.559, 0.564, 0.54425, 0.562, 0.55275, 0.54975, 0.55675, 0.53125, 0.532, 0.56625, 0.569, 0.55375, 0.5315, 0.552, 0.5415, 0.56625, 0.547, 0.56625, 0.564, 0.5645, 0.562, 0.559, 0.5555, 0.552, 0.56075], "test_same_acc": [0.49675, 0.49675, 0.49675, 0.5275, 0.55825, 0.555, 0.5605, 0.55775, 0.56325, 0.563, 0.57075, 0.57375, 0.57425, 0.577, 0.57625, 0.58325, 0.57325, 0.57275, 0.57775, 0.5835, 0.581, 0.54825, 0.577, 0.564, 0.57325, 0.552, 0.575, 0.56125, 0.569, 0.55025, 0.55575, 0.55525, 0.5335, 0.542, 0.56825, 0.571, 0.57475, 0.54475, 0.5535, 0.55675, 0.56825, 0.557, 0.57425, 0.55975, 0.56625, 0.574, 0.5645, 0.56825, 0.566, 0.566], "test_acc_ci": [0.010956445129323426, 0.010956445129323426, 0.010956445129323426, 0.010944103654479887, 0.01089731798196235, 0.01089054591133406, 0.010890243110234041, 0.01088498873894112, 0.010884040552570539, 0.010877227105143801, 0.01086303449720657, 0.010850369300166697, 0.010847660668175189, 0.010836480101807737, 0.010841739988927054, 0.010825601269531176, 0.01084766066817519, 0.010844522747538268, 0.010820418481827538, 0.010819106793076773, 0.010837297097149038, 0.010917778052189695, 0.010830262341582499, 0.01087821933900489, 0.010850753426461914, 0.01088902493109461, 0.010850369300166697, 0.010895586881279043, 0.01086231199837309, 0.010898458127184778, 0.010895586881279043, 0.010887795589558063, 0.01093374057090596, 0.010926692372351296, 0.010857175760182755, 0.010848825742908767, 0.010865896391347562, 0.010924835092433891, 0.010895586881279043, 0.010903721834624864, 0.010857175760182755, 0.010897317981962348, 0.010848049731979476, 0.01087251336154042, 0.010862673599159416, 0.010854932298268838, 0.010872854610795638, 0.01087251336154042, 0.010880184915708004, 0.010868363686492783], "best_epoch": 13, "best_val_acc": 0.588, "best_val_same_acc": 0.56, "best_val_tre": 0.7700015254616738, "best_val_tre_std": 0.19181740719145532, "best_test_acc": 0.5665, "best_test_same_acc": 0.57425, "best_test_acc_ci": 0.010847660668175189, "lowest_val_tre": 0.22047525447607041, "lowest_val_tre_std": 0.014784197950176159, "has_same": true}