{"train_acc": [0.5034444444444445, 0.5135555555555555, 0.6038888888888889, 0.6691111111111111, 0.6986666666666667, 0.703, 0.7335555555555555, 0.737, 0.7327777777777778, 0.7257777777777777, 0.7482222222222222, 0.7406666666666667, 0.7463333333333333, 0.7477777777777778, 0.7313333333333333, 0.747, 0.7385555555555555, 0.7303333333333333, 0.7364444444444445, 0.7438888888888889, 0.7351111111111112, 0.7403333333333333, 0.7396666666666667, 0.7406666666666667, 0.7463333333333333, 0.7496666666666667, 0.7395555555555555, 0.74, 0.7352222222222222, 0.7293333333333333, 0.7483333333333333, 0.7407777777777778, 0.7425555555555555, 0.7446666666666667, 0.7411111111111112, 0.758, 0.7344444444444445, 0.7464444444444445, 0.7391111111111112, 0.7352222222222222, 0.7374444444444445, 0.737, 0.744, 0.743, 0.7445555555555555, 0.7363333333333333, 0.7406666666666667, 0.7398888888888889, 0.7377777777777778, 0.7367777777777778], "val_acc": [0.508, 0.52, 0.568, 0.61, 0.62, 0.62, 0.63, 0.64, 0.644, 0.652, 0.656, 0.648, 0.648, 0.646, 0.654, 0.648, 0.66, 0.65, 0.634, 0.656, 0.648, 0.654, 0.66, 0.668, 0.66, 0.658, 0.648, 0.652, 0.652, 0.638, 0.658, 0.652, 0.66, 0.656, 0.656, 0.664, 0.66, 0.66, 0.646, 0.652, 0.654, 0.65, 0.656, 0.656, 0.662, 0.652, 0.654, 0.658, 0.668, 0.65], "val_same_acc": [0.496, 0.5, 0.542, 0.562, 0.566, 0.572, 0.61, 0.6, 0.62, 0.62, 0.62, 0.622, 0.654, 0.638, 0.646, 0.654, 0.646, 0.666, 0.66, 0.656, 0.65, 0.652, 0.666, 0.674, 0.674, 0.668, 0.67, 0.678, 0.676, 0.652, 0.676, 0.684, 0.68, 0.678, 0.67, 0.686, 0.68, 0.682, 0.678, 0.674, 0.672, 0.68, 0.682, 0.678, 0.664, 0.664, 0.668, 0.682, 0.688, 0.666], "val_tre": [0.27602067959308624, 0.40746447333693503, 0.5171051873266697, 0.6125595195889473, 0.6366198836266994, 0.6640413806140423, 0.7124214672148228, 0.7231019198596478, 0.7267296032011509, 0.7232981150150299, 0.736225801974535, 0.7374791561663151, 0.7319063286185264, 0.7416931557953358, 0.7135514880418777, 0.7375768918097019, 0.7422215968072414, 0.7392168205976486, 0.7333029879629612, 0.7477176522910595, 0.7457649510502815, 0.7435495406389236, 0.7467366912662983, 0.7510937738120556, 0.7458743584156037, 0.7536228042840958, 0.7528315424025058, 0.7484392536580563, 0.7481056715548039, 0.7274645104706288, 0.7511067868769169, 0.7526578099429607, 0.7544187552034854, 0.7587365226745606, 0.7553361043334007, 0.7578833720088005, 0.7530133697390556, 0.7546444187760353, 0.7501327090263367, 0.7505363914966583, 0.7546211395263672, 0.7538118029236793, 0.7556851161122322, 0.7571718983650207, 0.7616352689862251, 0.7572485668361187, 0.7550260179936886, 0.7595631908476352, 0.763034375667572, 0.7599161682724953], "val_tre_std": [0.027511252715802494, 0.07593431201113533, 0.1262049245646053, 0.14781622666731317, 0.19731004650994827, 0.1538107448595129, 0.15554684902972157, 0.14695279508565937, 0.17908736485187154, 0.18875130684038025, 0.1769762953390025, 0.16766753936312187, 0.17139012632148498, 0.17359321816174428, 0.20311660648997165, 0.17161296839295997, 0.16578064885892926, 0.17290399315845784, 0.16886487327310604, 0.14806971197739538, 0.16859308914903975, 0.13572207758448554, 0.16111478218014064, 0.1637356360401312, 0.14536515798208788, 0.18004281884501797, 0.1591164335824455, 0.1388791819160653, 0.1534606178792528, 0.15306302122473106, 0.14378495034669006, 0.1367711261502094, 0.12677138741279045, 0.1316132040423189, 0.15562621157817208, 0.14923601261638875, 0.1393943019165844, 0.13612622115365428, 0.1349727064430412, 0.11432319623566965, 0.12727456126632894, 0.1289669480511882, 0.11890626436770418, 0.1310952292714821, 0.12584475311577023, 0.1257270419068187, 0.12828189650193889, 0.13452211085484508, 0.11821392361223679, 0.1296130167067139], "test_acc": [0.496, 0.50625, 0.548, 0.57, 0.58325, 0.59225, 0.59775, 0.60475, 0.612, 0.61975, 0.62475, 0.6275, 0.6395, 0.6455, 0.637, 0.646, 0.65125, 0.65, 0.65675, 0.6535, 0.65925, 0.655, 0.65825, 0.65775, 0.66075, 0.6675, 0.6625, 0.6605, 0.6605, 0.6565, 0.6645, 0.666, 0.663, 0.664, 0.6585, 0.666, 0.6655, 0.66575, 0.664, 0.66325, 0.6605, 0.6695, 0.663, 0.664, 0.669, 0.66825, 0.6675, 0.6695, 0.667, 0.67075], "test_same_acc": [0.49675, 0.50525, 0.5515, 0.57875, 0.59125, 0.59175, 0.60225, 0.60675, 0.613, 0.6225, 0.64475, 0.64375, 0.6445, 0.64975, 0.64275, 0.647, 0.66125, 0.6615, 0.65925, 0.67175, 0.666, 0.67575, 0.67625, 0.67825, 0.6805, 0.67325, 0.67875, 0.67725, 0.68, 0.66025, 0.67175, 0.68125, 0.6785, 0.68075, 0.67325, 0.6795, 0.67525, 0.6745, 0.6735, 0.6725, 0.66925, 0.677, 0.67775, 0.67475, 0.6765, 0.67325, 0.6735, 0.67625, 0.67475, 0.673], "test_acc_ci": [0.010956445129323426, 0.010956008551817583, 0.010902360982259758, 0.010834837616313176, 0.010788625838701608, 0.010769660496041646, 0.010735362127101257, 0.010708869846417036, 0.010675788905275336, 0.010630374322989525, 0.010551338232068006, 0.010545953426403656, 0.010505581716402, 0.010468282278954603, 0.010519262307637119, 0.010475868820770904, 0.010407995349129437, 0.010411593460537154, 0.010395301207757281, 0.010360994311448829, 0.01036099431144883, 0.010340070730989945, 0.010325578699884088, 0.010319730384074962, 0.010299028591176694, 0.010301015822329125, 0.010299028591176696, 0.010312870053815038, 0.010302008201680875, 0.010392560607082116, 0.01031875279754656, 0.010274924008082734, 0.010298033738898899, 0.010285025516345352, 0.010336224146025226, 0.010282003768113489, 0.010301015822329125, 0.01030299975720057, 0.0103138525628157, 0.010320707151008355, 0.01034390427966515, 0.010277963168230366, 0.010301015822329125, 0.010308931803144057, 0.01028200376811349, 0.010298033738898899, 0.010300022618907202, 0.010280994861727876, 0.01029703806183482, 0.010289042924241059], "best_epoch": 49, "best_val_acc": 0.668, "best_val_same_acc": 0.688, "best_val_tre": 0.763034375667572, "best_val_tre_std": 0.11821392361223679, "best_test_acc": 0.667, "best_test_same_acc": 0.67475, "best_test_acc_ci": 0.01029703806183482, "lowest_val_tre": 0.27602067959308624, "lowest_val_tre_std": 0.027511252715802494, "has_same": true}
