{"train_acc": [0.5018888888888889, 0.5018888888888889, 0.5592222222222222, 0.6594444444444445, 0.7117777777777777, 0.731, 0.7423333333333333, 0.7373333333333333, 0.7316666666666667, 0.7376666666666667, 0.7403333333333333, 0.7303333333333333, 0.7413333333333333, 0.7401111111111112, 0.7433333333333333, 0.7292222222222222, 0.7354444444444445, 0.7391111111111112, 0.7423333333333333, 0.7348888888888889, 0.7391111111111112, 0.742, 0.745, 0.7401111111111112, 0.7373333333333333, 0.7472222222222222, 0.7374444444444445, 0.714, 0.7431111111111111, 0.742, 0.7372222222222222, 0.7266666666666667, 0.7314444444444445, 0.7421111111111112, 0.7452222222222222, 0.7514444444444445, 0.756, 0.7337777777777778, 0.742, 0.7391111111111112, 0.7505555555555555, 0.7317777777777777, 0.7293333333333333, 0.7471111111111111, 0.7375555555555555, 0.7288888888888889, 0.7352222222222222, 0.7392222222222222, 0.7356666666666667, 0.7437777777777778], "val_acc": [0.508, 0.508, 0.556, 0.6, 0.598, 0.612, 0.608, 0.614, 0.618, 0.618, 0.636, 0.65, 0.656, 0.636, 0.656, 0.66, 0.668, 0.664, 0.654, 0.646, 0.656, 0.654, 0.66, 0.642, 0.65, 0.636, 0.644, 0.652, 0.652, 0.662, 0.654, 0.638, 0.642, 0.656, 0.646, 0.666, 0.65, 0.666, 0.676, 0.67, 0.664, 0.668, 0.65, 0.668, 0.662, 0.656, 0.658, 0.65, 0.664, 0.652], "val_same_acc": [0.496, 0.496, 0.528, 0.558, 0.59, 0.592, 0.61, 0.628, 0.638, 0.624, 0.644, 0.656, 0.666, 0.664, 0.676, 0.656, 0.658, 0.662, 0.654, 0.64, 0.676, 0.682, 0.674, 0.674, 0.678, 0.686, 0.684, 0.674, 0.664, 0.684, 0.694, 0.668, 0.696, 0.71, 0.698, 0.7, 0.69, 0.678, 0.68, 0.694, 0.696, 0.706, 0.702, 0.698, 0.656, 0.692, 0.682, 0.676, 0.68, 0.692], "val_tre": [0.23315593773126603, 0.3193679120838642, 0.4544656649827957, 0.6009624934494495, 0.6937140434384346, 0.7510887870192527, 0.7626189323961735, 0.7726548528671264, 0.7821315121650696, 0.7757832805812359, 0.777156808435917, 0.7755475530028343, 0.803969556093216, 0.7948731675744056, 0.8089491415023804, 0.8003908374905586, 0.79257049202919, 0.7978935792148113, 0.7970038573145867, 0.7915700083374977, 0.8110601940453053, 0.8116079128980637, 0.8045996649861336, 0.8138662700951099, 0.8021689679026603, 0.8072018190920353, 0.8115154400467872, 0.7561183496713638, 0.7906409577429294, 0.7920836460888385, 0.7970328702330589, 0.7686191479265689, 0.7872865536510945, 0.8017647383213043, 0.7931095496416092, 0.7974768998026848, 0.8039976232647896, 0.7989465886652469, 0.7998599541783333, 0.7994992446899414, 0.7942561790943146, 0.7959962756037712, 0.7920953050553798, 0.799251141756773, 0.7694647860527039, 0.7820107011795044, 0.7913144878745079, 0.7904651002883911, 0.7779531913697719, 0.7935415287613868], "val_tre_std": [0.015967926829254738, 0.041638463279630916, 0.10019827073131268, 0.14631836833822712, 0.2240175849950952, 0.2284532373612079, 0.19094390253159696, 0.16651079912256633, 0.1366198991062094, 0.1531613575168732, 0.15832926271828068, 0.1355022313367676, 0.1371991570253776, 0.15200430030145073, 0.1289743287693288, 0.11889629150246303, 0.1299349850688645, 0.1439676228356837, 0.15671544266725537, 0.13916557490241635, 0.1254910527876445, 0.12804438160833864, 0.1348672604639425, 0.12044834017050647, 0.12676008889430834, 0.11461523484218875, 0.12100130478055854, 0.16064779698548673, 0.15085657104567965, 0.12438815929620986, 0.12298713167116866, 0.1302325547150731, 0.13835974209656793, 0.13045702495739636, 0.12149457598918338, 0.12178719797982543, 0.10589989430645402, 0.10695060304222803, 0.11247619327198298, 0.12526679163881363, 0.11674564159243002, 0.12351190996349973, 0.13275382956110487, 0.11753092526746389, 0.12913086971281487, 0.13101288147859969, 0.11308533867954541, 0.1238697781895269, 0.12148779349419715, 0.12295913230178925], "test_acc": [0.496, 0.496, 0.532, 0.558, 0.57675, 0.601, 0.61175, 0.6135, 0.62775, 0.61775, 0.635, 0.6445, 0.65125, 0.646, 0.65825, 0.6525, 0.65325, 0.663, 0.65875, 0.65725, 0.66775, 0.67025, 0.66625, 0.664, 0.654, 0.67625, 0.6745, 0.66525, 0.66375, 0.6715, 0.66725, 0.652, 0.661, 0.68025, 0.66775, 0.67025, 0.67625, 0.6735, 0.6715, 0.66925, 0.6675, 0.672, 0.6785, 0.68, 0.6535, 0.6715, 0.67175, 0.667, 0.6665, 0.67025], "test_same_acc": [0.49675, 0.49675, 0.53075, 0.56775, 0.59, 0.61025, 0.61975, 0.6265, 0.628, 0.632, 0.65075, 0.64925, 0.65575, 0.654, 0.67175, 0.66725, 0.66675, 0.6685, 0.676, 0.66425, 0.6755, 0.68, 0.67975, 0.6695, 0.6645, 0.6785, 0.67675, 0.66475, 0.66725, 0.67275, 0.6695, 0.654, 0.66725, 0.6735, 0.66875, 0.66725, 0.67725, 0.6755, 0.67725, 0.6745, 0.67025, 0.672, 0.6735, 0.67425, 0.65825, 0.66575, 0.673, 0.67475, 0.667, 0.6755], "test_acc_ci": [0.010956445129323426, 0.010956445129323426, 0.01093514040247655, 0.010869758131939963, 0.010803330145000428, 0.010709462226081894, 0.01065909238103789, 0.010636499424152667, 0.010592344504257542, 0.010609518073262093, 0.01049988332539343, 0.010473347031721758, 0.010427627129409645, 0.010452057213773755, 0.010342947113854927, 0.010381525923334921, 0.010380601138662442, 0.010337187015213566, 0.010324606027441192, 0.010375035512589824, 0.010291046665518283, 0.01026269256807759, 0.010279985126448383, 0.01032946120993249, 0.010386137775299342, 0.010244120270763858, 0.010258588775844122, 0.010342947113854929, 0.010339110307468433, 0.010287035875162245, 0.010316795164772585, 0.010431155170929057, 0.010349630191309977, 0.010248270856435975, 0.010317774391190184, 0.010313852562815702, 0.010249306410069903, 0.010267803560158325, 0.010268823261302872, 0.010289042924241059, 0.010312870053815038, 0.010288039813297768, 0.010255502172005037, 0.010246197238335546, 0.01041069513033952, 0.010314834250819303, 0.010285025516345352, 0.01029703806183482, 0.01032946120993249, 0.010280994861727876], "best_epoch": 50, "best_val_acc": 0.652, "best_val_same_acc": 0.692, "best_val_tre": 0.7935415287613868, "best_val_tre_std": 0.12295913230178925, "best_test_acc": 0.67025, "best_test_same_acc": 0.6755, "best_test_acc_ci": 0.010280994861727876, "lowest_val_tre": 0.23315593773126603, "lowest_val_tre_std": 0.015967926829254738, "has_same": true}