{"train_acc": [0.5018888888888889, 0.583, 0.7208888888888889, 0.7158888888888889, 0.7237777777777777, 0.7438888888888889, 0.7416666666666667, 0.7338888888888889, 0.7194444444444444, 0.7316666666666667, 0.7446666666666667, 0.7274444444444444, 0.7347777777777778, 0.7404444444444445, 0.7362222222222222, 0.7321111111111112, 0.7328888888888889, 0.7116666666666667, 0.7422222222222222, 0.7313333333333333, 0.7286666666666667, 0.7286666666666667, 0.737, 0.7194444444444444, 0.7313333333333333, 0.7153333333333334, 0.7331111111111112, 0.731, 0.7397777777777778, 0.7474444444444445, 0.7346666666666667, 0.6967777777777778, 0.725, 0.7418888888888889, 0.739, 0.7433333333333333, 0.7352222222222222, 0.7178888888888889, 0.7315555555555555, 0.7408888888888889, 0.7422222222222222, 0.7294444444444445, 0.734, 0.7356666666666667, 0.733, 0.7255555555555555, 0.7358888888888889, 0.7362222222222222, 0.7361111111111112, 0.7376666666666667], "val_acc": [0.508, 0.546, 0.602, 0.62, 0.608, 0.602, 0.596, 0.584, 0.606, 0.604, 0.61, 0.606, 0.616, 0.632, 0.592, 0.624, 0.59, 0.616, 0.614, 0.598, 0.624, 0.612, 0.628, 0.644, 0.632, 0.604, 0.636, 0.616, 0.638, 0.644, 0.63, 0.59, 0.616, 0.626, 0.63, 0.634, 0.648, 0.614, 0.614, 0.632, 0.62, 0.62, 0.622, 0.622, 0.622, 0.628, 0.626, 0.622, 0.634, 0.606], "val_same_acc": [0.496, 0.564, 0.588, 0.602, 0.638, 0.626, 0.624, 0.636, 0.636, 0.634, 0.646, 0.642, 0.648, 0.648, 0.656, 0.642, 0.652, 0.626, 0.638, 0.636, 0.652, 0.66, 0.664, 0.676, 0.638, 0.628, 0.666, 0.65, 0.668, 0.662, 0.66, 0.624, 0.65, 0.668, 0.658, 0.666, 0.654, 0.642, 0.648, 0.68, 0.66, 0.654, 0.666, 0.652, 0.642, 0.662, 0.658, 0.646, 0.652, 0.64], "val_tre": [0.2928761223256588, 0.4909118238091469, 0.7093970262408257, 0.715656586676836, 0.6946930028498173, 0.7530982179045678, 0.7181237662732601, 0.7177722745537758, 0.7063919916450977, 0.7170701187551022, 0.7364676860868931, 0.7208060621917248, 0.707125977486372, 0.7182179855704307, 0.7051682096123696, 0.7211604817807674, 0.7094560405910015, 0.6675868063867092, 0.7088536221086978, 0.691121347218752, 0.7120009001791477, 0.6966433502137661, 0.705272063344717, 0.6911544860005379, 0.6795149468779564, 0.6730550227761268, 0.7166172302365303, 0.7124211880266667, 0.7084594193398952, 0.7274633083939552, 0.7160733468532562, 0.6490570981502533, 0.6786254914104939, 0.7213582392036915, 0.7089775923788547, 0.7222011366784573, 0.7164143627583981, 0.6961094659864903, 0.7130949632823467, 0.7321216926574707, 0.7255135977864265, 0.7286434670984745, 0.714307487398386, 0.7320686898827553, 0.7254576664865017, 0.7269528369903564, 0.7190864905118942, 0.7051229429543018, 0.7255788600146771, 0.7198136151731014], "val_tre_std": [0.028786290772653104, 0.15274888657758995, 0.29936371313875904, 0.3729337300219388, 0.2503601848631358, 0.34096694884861295, 0.29398723347551503, 0.28951914089576947, 0.29075415453489756, 0.2656755109916801, 0.2658799580899334, 0.24215173114625418, 0.22278727569008222, 0.2368307482422677, 0.23235498110132288, 0.2072491654701949, 0.2702409115734452, 0.2236184128671816, 0.22949241611567125, 0.27024222622417127, 0.2521140637309202, 0.22977934149599544, 0.2523585546825122, 0.2574569513302243, 0.225301321506544, 0.24954425982964126, 0.21412330289882422, 0.17697085712411145, 0.20319146035285715, 0.14752056211130987, 0.22221709431604936, 0.23647851952807025, 0.1968089448080926, 0.2107266092599971, 0.1918881409223694, 0.1775148583175112, 0.18596143152343486, 0.22458536367131698, 0.2174860410072009, 0.1585495236993038, 0.17890690690619446, 0.19183306641129158, 0.23175687856064675, 0.1876181925216055, 0.21742256350551445, 0.17311539572774087, 0.20677547101924948, 0.20651109041952515, 0.1764090059441681, 0.2239317514391409], "test_acc": [0.496, 0.55175, 0.59975, 0.60625, 0.6155, 0.62075, 0.621, 0.616, 0.63225, 0.624, 0.6355, 0.6345, 0.63875, 0.631, 0.6295, 0.6435, 0.63125, 0.61675, 0.63425, 0.6255, 0.63925, 0.63825, 0.63875, 0.6365, 0.62925, 0.61675, 0.637, 0.64575, 0.63775, 0.642, 0.63775, 0.60725, 0.621, 0.64625, 0.6385, 0.645, 0.63325, 0.62075, 0.62625, 0.642, 0.6445, 0.6385, 0.628, 0.635, 0.63825, 0.64125, 0.6415, 0.63175, 0.6405, 0.6355], "test_same_acc": [0.49675, 0.545, 0.6035, 0.603, 0.62375, 0.628, 0.62875, 0.634, 0.63175, 0.63975, 0.64275, 0.64375, 0.64825, 0.64525, 0.64525, 0.6505, 0.6435, 0.63, 0.6425, 0.63475, 0.63825, 0.635, 0.64575, 0.6405, 0.6345, 0.63675, 0.64825, 0.6515, 0.64825, 0.65975, 0.6395, 0.61725, 0.6275, 0.656, 0.648, 0.6565, 0.6465, 0.62625, 0.64025, 0.65375, 0.64675, 0.6485, 0.6375, 0.64575, 0.63975, 0.64125, 0.653, 0.64925, 0.644, 0.6445], "test_acc_ci": [0.010956445129323426, 0.01090533192855105, 0.010728031831229574, 0.01071417487359036, 0.010638527645866931, 0.010612338039841879, 0.010609518073262093, 0.010608811196359372, 0.010568017562438093, 0.010568766924143751, 0.0105240373121191, 0.0105240373121191, 0.010495789705877305, 0.010530360715420671, 0.010535070864587241, 0.010472504867509013, 0.010535070864587243, 0.010617941807237173, 0.010528784496411491, 0.010579177945231616, 0.010526414379431392, 0.010539753280882573, 0.01050395749170283, 0.010527995229387216, 0.010568766924143751, 0.010598835638290652, 0.010501515325031668, 0.010461485297120815, 0.010499066158473331, 0.010446007842562392, 0.010527205190451784, 0.010677052495305058, 0.010613041146980444, 0.01044427234166531, 0.010497429489522661, 0.010446874407568035, 0.010519262307637119, 0.010617243971483373, 0.01056048194390294, 0.010466587748491624, 0.01048172558178638, 0.010495789705877305, 0.010563505359846228, 0.010516063496949559, 0.010524830440439406, 0.010510435751551883, 0.01047081818615432, 0.010515261858365679, 0.01050395749170283, 0.01051846376615901], "best_epoch": 49, "best_val_acc": 0.634, "best_val_same_acc": 0.652, "best_val_tre": 0.7255788600146771, "best_val_tre_std": 0.1764090059441681, "best_test_acc": 0.6405, "best_test_same_acc": 0.644, "best_test_acc_ci": 0.01050395749170283, "lowest_val_tre": 0.2928761223256588, "lowest_val_tre_std": 0.028786290772653104, "has_same": true}